{"cameraMode":{"drawMode":0,"name":"Shaded","section":"Shading Mode"},"sceneLighting":true,"audioPlay":false,"sceneViewState":{"m_AlwaysRefresh":false,"showFog":true,"showSkybox":true,"showFlares":true,"showImageEffects":true,"showParticleSystems":true,"showVisualEffectGraphs":true,"m_FxEnabled":true},"in2DMode":false,"pivot":{"x":0.07142114639282227,"y":-0.23335480690002442,"z":0.03628706932067871},"rotation":{"x":-0.09593179821968079,"y":0.8831518292427063,"z":-0.20660685002803803,"w":-0.41006574034690859},"size":5.941672325134277,"orthographic":false}